Personnummer,Etternavn,Inntekt,Gjeld,Bolig i utlandet,Tidligere etterforsket,Tidligere dømt,Selvstendig næringsdrivende,Grunn til mistanke
27038447861,Hansen,745331,5957594,Nei,Nei,Nei,Nei,Tips
25049803055,Johansen,1738998,5552271,Nei,Nei,Nei,Nei,Revisjon
13062318982,Olsen,1821405,1822248,Nei,Ja,Nei,Nei,Stikkprøve
17055705968,Larsen,1197025,4026803,Nei,Ja,Nei,Nei,Tips
17039308630,Andersen,1432906,4614269,Nei,Nei,Nei,Nei,Revisjon
21020085727,Pedersen,852161,1380692,Nei,Nei,Nei,Nei,Stikkprøve
25035028008,Nilsen,1867852,1710527,Nei,Ja,Nei,Nei,Tips
14108223449,Kristiansen,1109235,3670162,Nei,Ja,Nei,Nei,Stikkprøve
08042837629,Jensen,417754,3603528,Nei,Ja,Nei,Nei,Revisjon
12016445191,Karlsen,758727,5770817,Nei,Nei,Nei,Nei,Revisjon
11103935662,Johnsen,1057823,4235594,Nei,Ja,Nei,Ja,Stikkprøve
24060371500,Pettersen,1910606,5252072,Nei,Ja,Nei,Nei,Avvik i selvangivelse
19096313740,Eriksen,1794689,1066261,Nei,Ja,Nei,Ja,Avvik i selvangivelse
02090340193,Berg,609241,5657890,Nei,Nei,Nei,Ja,Tips
11063320880,Haugen,1248103,1683931,Nei,Nei,Nei,Nei,Avvik i selvangivelse
29062913825,Hagen,745616,1993981,Nei,Nei,Nei,Nei,Avvik i selvangivelse
22056821663,Johannessen,1108344,2306549,Nei,Nei,Nei,Nei,Stikkprøve
30100706020,Andreassen,617024,2994930,Nei,Nei,Nei,Nei,Revisjon
09083817388,Jacobsen,361725,3915636,Nei,Nei,Nei,Ja,Avvik i selvangivelse
06059409253,Dahl,1183939,1209599,Nei,Ja,Nei,Nei,Tips
04029721683,Jørgensen,1938609,5419473,Ja,Nei,Nei,Nei,Stikkprøve
10050627131,Henriksen,1068747,2764367,Nei,Nei,Nei,Nei,Avvik i selvangivelse
04098218969,Lund,1387579,2975670,Nei,Ja,Nei,Ja,Tips
07056414031,Halvorsen,960347,2082514,Ja,Ja,Nei,Nei,Tips
12045306974,Sørensen,909439,2003740,Nei,Nei,Nei,Ja,Revisjon
07115148200,Jakobsen,1987720,4115706,Ja,Nei,Nei,Nei,Revisjon
16094745407,Moen,1588903,2365316,Nei,Ja,Nei,Nei,Avvik i selvangivelse
10063722079,Gundersen,866646,5512014,Ja,Ja,Nei,Nei,Avvik i selvangivelse
06103303239,Iversen,1788641,5334193,Ja,Ja,Nei,Ja,Avvik i selvangivelse
08042735001,Strand,974538,627766,Nei,Ja,Ja,Nei,Avvik i selvangivelse
05125307762,Solberg,1743378,5074690,Ja,Ja,Nei,Nei,Tips
23018216345,Svendsen,1913737,4339002,Nei,Nei,Nei,Ja,Tips
06052402520,Eide,421029,2140003,Nei,Ja,Nei,Nei,Tips
10105137805,Knutsen,1235178,4790352,Ja,Ja,Nei,Nei,Stikkprøve
06092216290,Martinsen,1782838,4904036,Nei,Ja,Nei,Nei,Avvik i selvangivelse
20120440277,Paulsen,1792712,2789336,Nei,Nei,Nei,Nei,Avvik i selvangivelse
20083545241,Bakken,1482268,1503970,Nei,Ja,Nei,Nei,Tips
03069247759,Kristoffersen,1554396,1656961,Nei,Nei,Nei,Ja,Avvik i selvangivelse
10012334848,Mathisen,1977770,1707537,Ja,Ja,Nei,Nei,Revisjon
03106300835,Lie,1662931,1773211,Ja,Ja,Ja,Nei,Stikkprøve
17085220306,Amundsen,495790,1814791,Nei,Nei,Nei,Nei,Avvik i selvangivelse
03039413891,Nguyen,1347709,1785155,Nei,Ja,Nei,Ja,Revisjon
26113842422,Rasmussen,516907,945321,Nei,Ja,Nei,Nei,Stikkprøve
02115309342,Ali,1914726,2886224,Nei,Ja,Nei,Nei,Revisjon
20101218652,Lunde,804104,3623112,Ja,Ja,Nei,Nei,Tips
16107138599,Solheim,1870481,4589655,Nei,Ja,Nei,Nei,Tips
27088222372,Berge,1405607,3132710,Nei,Nei,Nei,Ja,Stikkprøve
18108043993,Moe,425568,2736287,Nei,Nei,Nei,Nei,Avvik i selvangivelse
05044218773,Nygård,1327343,4868583,Nei,Ja,Ja,Nei,Revisjon
31126443040,Bakke,537420,3840122,Nei,Nei,Nei,Nei,Avvik i selvangivelse
12104446572,Kristensen,1825154,5055919,Nei,Ja,Nei,Nei,Tips
10115116571,Fredriksen,1810268,1652413,Nei,Nei,Nei,Ja,Revisjon
14091512972,Holm,1825940,1184814,Nei,Ja,Nei,Nei,Tips
18057808930,Lien,1895173,4392956,Nei,Nei,Nei,Ja,Revisjon
19056900171,Hauge,1994806,3336206,Nei,Ja,Nei,Nei,Tips
06092842000,Christensen,1905119,2246934,Nei,Nei,Nei,Ja,Avvik i selvangivelse
01067635139,Andresen,496239,1203033,Nei,Nei,Nei,Nei,Tips
03066340545,Nielsen,732282,4480213,Nei,Ja,Ja,Nei,Stikkprøve
27092821868,Knudsen,865120,2017073,Nei,Ja,Nei,Nei,Avvik i selvangivelse
28027035592,Evensen,404505,5424932,Nei,Nei,Nei,Ja,Tips
12127239922,Sæther,656329,3746067,Nei,Nei,Nei,Nei,Revisjon
21068929625,Aas,1660499,3379138,Nei,Nei,Nei,Ja,Tips
14100331668,Myhre,1971317,1205945,Nei,Nei,Nei,Nei,Tips
15064345181,Hanssen,971628,5424937,Nei,Ja,Ja,Ja,Avvik i selvangivelse
03124512289,Ahmed,477189,4664172,Nei,Ja,Nei,Nei,Stikkprøve
22071603737,Haugland,1005573,3698466,Nei,Ja,Nei,Nei,Stikkprøve
04125937999,Thomassen,837650,5005237,Nei,Nei,Nei,Ja,Tips
15036426370,Sivertsen,1997142,2175715,Nei,Ja,Nei,Nei,Avvik i selvangivelse
07047729062,Simonsen,901901,5103192,Nei,Nei,Nei,Nei,Stikkprøve
03121205598,Danielsen,892337,1214593,Nei,Ja,Nei,Ja,Tips
11123745088,Berntsen,443665,1834216,Nei,Ja,Nei,Nei,Revisjon
03048147487,Sandvik,1081164,1935018,Nei,Nei,Nei,Nei,Tips
14065438438,Rønning,968497,995306,Nei,Ja,Nei,Ja,Stikkprøve
27021919115,Arnesen,1340098,1596375,Nei,Ja,Nei,Nei,Tips
19128416369,Antonsen,1823582,2340294,Nei,Ja,Ja,Nei,Revisjon
23076207674,Næss,1278096,2468068,Nei,Nei,Nei,Nei,Stikkprøve
17044104989,Vik,1934808,2709124,Ja,Nei,Nei,Nei,Avvik i selvangivelse
27128334608,Haug,1069097,4954006,Nei,Ja,Nei,Nei,Revisjon
03035309151,Ellingsen,1082899,4546069,Ja,Nei,Nei,Nei,Revisjon
18010323513,Thorsen,1269309,1350443,Ja,Ja,Nei,Ja,Stikkprøve
05090471246,Edvardsen,901484,4439119,Nei,Nei,Nei,Ja,Stikkprøve
17057537639,Rønning,620817,4977830,Nei,Nei,Nei,Nei,Stikkprøve
20118605412,Arnesen,1535683,4478401,Nei,Nei,Nei,Nei,Avvik i selvangivelse
13010457569,Antonsen,1992121,2734151,Ja,Nei,Nei,Nei,Avvik i selvangivelse
28034536467,Næss,1237539,5454404,Nei,Nei,Nei,Ja,Stikkprøve
02039012823,Vik,1143885,2401591,Ja,Nei,Nei,Nei,Tips
09030291317,Haug,1471828,2294883,Nei,Ja,Nei,Ja,Tips
15124740166,Ellingsen,820855,4698501,Ja,Ja,Ja,Nei,Tips
16014710179,Thorsen,1893398,1431622,Ja,Nei,Nei,Nei,Avvik i selvangivelse
22098318287,Edvardsen,432128,3945062,Ja,Nei,Nei,Nei,Tips
22014617241,Birkeland,678963,1729672,Nei,Nei,Nei,Nei,Avvik i selvangivelse
21095021295,Isaksen,1300386,1944930,Nei,Ja,Nei,Nei,Revisjon
23094810345,Gulbrandsen,1653684,4284158,Ja,Ja,Nei,Nei,Avvik i selvangivelse
02010646653,Ruud,527967,1652586,Nei,Ja,Nei,Nei,Stikkprøve
17126240287,Aasen,590028,5254278,Nei,Ja,Nei,Nei,Revisjon
02040312903,Strøm,680968,3089161,Nei,Ja,Nei,Nei,Stikkprøve
18028734782,Myklebust,1520376,1306438,Nei,Nei,Nei,Nei,Revisjon
06050366985,Tangen,978985,5359587,Ja,Ja,Nei,Ja,Avvik i selvangivelse
22103305598,Ødegård,428322,958621,Nei,Ja,Nei,Nei,Revisjon
18109314508,Eliassen,1886634,5214030,Nei,Ja,Nei,Nei,Tips
31017314753,Helland,1189083,3944214,Ja,Nei,Nei,Nei,Stikkprøve
06122115494,Bøe,534826,1520884,Nei,Ja,Nei,Nei,Revisjon
30056620083,Jenssen,416830,5981498,Ja,Nei,Nei,Nei,Avvik i selvangivelse
26061820441,Aune,852646,2826646,Nei,Ja,Nei,Nei,Avvik i selvangivelse
07073032916,Mikkelsen,1568568,2211655,Nei,Nei,Nei,Ja,Revisjon
23083825871,Tveit,414856,928284,Ja,Ja,Nei,Ja,Stikkprøve
08028229136,Brekke,1454565,3371517,Nei,Ja,Nei,Nei,Stikkprøve
18012822851,Abrahamsen,693366,2612731,Ja,Nei,Nei,Nei,Revisjon
03011214133,Madsen,495183,831804,Nei,Ja,Nei,Ja,Tips
17027618448,Engen,1036125,3425102,Ja,Ja,Nei,Nei,Avvik i selvangivelse
18080364721,Christiansen,700166,3025434,Nei,Nei,Nei,Nei,Avvik i selvangivelse
21100338014,Sunde,1616520,1284498,Ja,Ja,Nei,Ja,Revisjon
21044530209,Bjerke,551463,2318259,Nei,Nei,Nei,Nei,Stikkprøve
29052342862,Mortensen,422233,3859732,Nei,Ja,Nei,Nei,Stikkprøve
04079527039,Torgersen,389796,2264908,Ja,Nei,Nei,Nei,Avvik i selvangivelse
26100749253,Thoresen,1712497,2013071,Nei,Ja,Nei,Nei,Revisjon
19034426522,Hermansen,423983,5273514,Ja,Ja,Ja,Ja,Tips
13104104406,Mohamed,1629898,4572180,Nei,Ja,Nei,Nei,Revisjon
09028614109,Mikalsen,844079,3566004,Nei,Ja,Nei,Nei,Stikkprøve
27020357636,Hovland,1575400,1395413,Ja,Ja,Nei,Nei,Stikkprøve
08014325809,Magnussen,1531449,4852448,Nei,Nei,Nei,Nei,Avvik i selvangivelse
14094316422,Helgesen,540949,699126,Nei,Nei,Nei,Nei,Tips
26104521508,Gjerde,450987,5376957,Nei,Nei,Nei,Nei,Revisjon
10092908130,Wold,1020219,5189213,Nei,Ja,Nei,Nei,Stikkprøve
15129812130,Nilssen,599329,2552837,Ja,Ja,Nei,Nei,Stikkprøve
05012747502,Dale,1428682,3288552,Nei,Nei,Nei,Nei,Stikkprøve
19076934242,Bråthen,784396,2174654,Nei,Ja,Nei,Nei,Revisjon
18082301735,Dahle,1961788,4374127,Ja,Nei,Nei,Ja,Revisjon
08052324190,Nygaard,408205,4680861,Nei,Nei,Nei,Nei,Avvik i selvangivelse
02118330164,Eilertsen,1068405,1357261,Ja,Nei,Nei,Nei,Stikkprøve
17071147215,Wilhelmsen,1426249,3749843,Ja,Ja,Nei,Nei,Tips
15020497669,Steen,1190119,4353552,Nei,Ja,Nei,Nei,Stikkprøve
06079714605,Hassan,1551432,3466380,Nei,Ja,Nei,Ja,Revisjon
19024540394,Foss,1723251,1891732,Ja,Nei,Nei,Nei,Revisjon
10120052700,Håland,1302627,2151079,Nei,Nei,Nei,Ja,Revisjon
04014715792,Jansen,924292,5584448,Ja,Ja,Nei,Ja,Tips
25086225576,Bjørnstad,1066319,4703392,Ja,Nei,Nei,Nei,Revisjon
04082922542,Tran,1761253,1926237,Nei,Ja,Nei,Nei,Stikkprøve
28117103724,Sætre,594157,5904066,Nei,Nei,Nei,Nei,Revisjon
07016328620,Hammer,387965,5512728,Ja,Nei,Nei,Nei,Revisjon
07072629080,Gabrielsen,592720,4832207,Ja,Ja,Nei,Nei,Revisjon
29123740317,Gustavsen,1896027,2238980,Nei,Ja,Nei,Nei,Tips
08036239809,Ingebrigtsen,841284,1629338,Nei,Nei,Nei,Nei,Revisjon
18113034692,Hoel,948559,1564840,Nei,Ja,Nei,Nei,Stikkprøve
13112909626,Khan,1613536,2975153,Ja,Ja,Nei,Nei,Avvik i selvangivelse
17062503416,Solli,634897,3924856,Nei,Ja,Nei,Nei,Avvik i selvangivelse
24077947538,Bråten,452192,3809164,Nei,Ja,Ja,Nei,Tips
13092010966,Holmen,1429540,3577406,Nei,Nei,Nei,Nei,Tips
17028611811,Lorentzen,1629023,1049671,Nei,Ja,Nei,Ja,Stikkprøve
01110912877,Hoff,1203138,3258680,Ja,Nei,Nei,Nei,Stikkprøve
28083638682,Carlsen,1545057,4382050,Nei,Nei,Nei,Ja,Tips
26122615420,Engebretsen,1758548,1204731,Nei,Nei,Nei,Nei,Avvik i selvangivelse
20032035982,Samuelsen,1210598,4633234,Nei,Ja,Nei,Nei,Tips
14111211125,Sandnes,681334,3034264,Nei,Ja,Nei,Nei,Avvik i selvangivelse
10066827637,Fossum,717296,3922727,Nei,Ja,Nei,Ja,Revisjon
29066810265,Ludvigsen,1965094,3728492,Nei,Ja,Ja,Nei,Revisjon
02074531493,Rønningen,1784567,1758880,Nei,Ja,Nei,Ja,Revisjon
28099003075,Sveen,749083,5731636,Nei,Ja,Nei,Ja,Tips
25103941973,Monsen,545437,730819,Nei,Nei,Nei,Nei,Stikkprøve
31108524734,Breivik,1776283,1169449,Nei,Ja,Nei,Nei,Stikkprøve
05120438443,Solbakken,1490239,4328748,Nei,Nei,Nei,Nei,Stikkprøve
01126524230,Solvang,449917,3621596,Nei,Nei,Nei,Ja,Stikkprøve
15104833605,Fjeld,1770179,4591206,Nei,Ja,Nei,Nei,Avvik i selvangivelse
28020182301,Nordby,631207,5952436,Nei,Ja,Nei,Nei,Revisjon
09019321271,Egeland,868826,4163643,Nei,Nei,Nei,Nei,Tips
03092517968,Sand,1244990,4019855,Nei,Nei,Nei,Ja,Tips
08096237333,Aase,1117496,986437,Nei,Ja,Nei,Nei,Revisjon
07125208694,Jonassen,1848200,3892741,Nei,Nei,Nei,Ja,Avvik i selvangivelse
01050414139,Bø,1497471,2499221,Nei,Nei,Nei,Ja,Revisjon
21064115348,Stokke,1735245,3943936,Nei,Nei,Nei,Nei,Stikkprøve
13051715971,Dalen,817152,5873449,Nei,Ja,Nei,Ja,Tips
23032308759,Bye,1426480,3307827,Nei,Ja,Nei,Nei,Stikkprøve
18037403667,Johannesen,418659,4553436,Ja,Nei,Nei,Nei,Tips
02057206767,Johansson,842840,1564255,Ja,Nei,Nei,Ja,Revisjon
10067138061,Wiik,1752032,2580759,Nei,Nei,Nei,Nei,Revisjon
25111927742,Andersson,805857,5789087,Ja,Nei,Nei,Nei,Stikkprøve
18084209542,Syversen,1808290,2806450,Ja,Ja,Nei,Nei,Tips
01041215948,Wang,441916,5031840,Nei,Ja,Nei,Ja,Avvik i selvangivelse
14044329825,Ødegaard,354227,5819411,Nei,Ja,Nei,Nei,Tips
21022635775,Løken,1614584,4476484,Nei,Nei,Nei,Nei,Avvik i selvangivelse
08095228217,Sørlie,1205128,3797892,Ja,Nei,Nei,Nei,Revisjon
09027620717,Haga,1709780,1886235,Nei,Nei,Nei,Ja,Tips
05016948502,Gabrielsen,1674270,5792701,Ja,Ja,Nei,Nei,Revisjon
15095129134,Gustavsen,779290,3445695,Nei,Ja,Nei,Nei,Avvik i selvangivelse
25035701616,Ingebrigtsen,1118774,941364,Nei,Ja,Nei,Nei,Avvik i selvangivelse
17098418717,Hoel,1180121,2169317,Ja,Ja,Ja,Ja,Tips
03049530780,Khan,462324,4066198,Ja,Ja,Ja,Nei,Stikkprøve
17103221919,Solli,1883629,3139955,Nei,Nei,Nei,Ja,Avvik i selvangivelse
09106116803,Bråten,1162694,3151778,Nei,Ja,Nei,Nei,Avvik i selvangivelse
27070094385,Holmen,651221,841116,Ja,Nei,Nei,Nei,Avvik i selvangivelse
24080072917,Lorentzen,859918,703110,Nei,Ja,Nei,Ja,Tips
11012937778,Hoff,1052488,2970168,Ja,Nei,Nei,Ja,Tips
05115643411,Carlsen,1119570,4487342,Nei,Nei,Nei,Ja,Revisjon
31101920537,Engebretsen,1645432,1229501,Ja,Ja,Nei,Nei,Revisjon
27065717498,Samuelsen,1791126,5509756,Nei,Ja,Nei,Nei,Avvik i selvangivelse
24014926956,Sandnes,1951166,543077,Nei,Ja,Nei,Ja,Revisjon
27113112870,Fossum,1630559,2651192,Ja,Nei,Nei,Nei,Revisjon
02039913766,Ludvigsen,684584,2477660,Nei,Nei,Nei,Ja,Revisjon
21030616305,Rønningen,1351085,3469686,Nei,Ja,Nei,Nei,Tips
04063818106,Sveen,1199386,2570430,Ja,Nei,Nei,Ja,Avvik i selvangivelse
07016716388,Monsen,702694,3288269,Nei,Ja,Nei,Nei,Stikkprøve
15076130822,Breivik,1460601,1179441,Nei,Ja,Nei,Nei,Stikkprøve
27038034354,Solbakken,416564,4479040,Nei,Ja,Nei,Ja,Revisjon
15054430172,Solvang,1021888,4856911,Nei,Nei,Nei,Nei,Stikkprøve
26129602227,Fjeld,1738937,2317875,Nei,Nei,Nei,Nei,Stikkprøve
28048912305,Nordby,642779,952097,Nei,Ja,Nei,Ja,Stikkprøve
26081226368,Egeland,1909537,1610061,Nei,Nei,Nei,Nei,Revisjon
15036500171,Sand,1734503,1446167,Nei,Nei,Nei,Nei,Avvik i selvangivelse
09047908172,Aase,1185085,1071483,Nei,Ja,Nei,Nei,Stikkprøve
09093849024,Jonassen,578767,5284712,Nei,Nei,Nei,Ja,Revisjon
29081406462,Bø,486557,5379906,Ja,Nei,Nei,Nei,Stikkprøve
14044234638,Stokke,612577,3427615,Nei,Nei,Nei,Ja,Avvik i selvangivelse
07081704818,Dalen,1736032,4669424,Nei,Nei,Nei,Ja,Revisjon
28066441115,Bye,1058990,5594280,Nei,Ja,Nei,Nei,Stikkprøve
29067733930,Johannesen,1928982,957554,Ja,Nei,Nei,Nei,Avvik i selvangivelse
24046441784,Johansson,1270326,3854612,Nei,Nei,Nei,Nei,Revisjon
17076041717,Wiik,1604275,5370813,Ja,Ja,Ja,Nei,Avvik i selvangivelse
28078236568,Andersson,1093904,5280907,Ja,Ja,Nei,Ja,Revisjon
19071210823,Syversen,613265,2786259,Ja,Nei,Nei,Nei,Revisjon
28051526157,Wang,1346923,1088084,Nei,Nei,Nei,Nei,Avvik i selvangivelse
03023822813,Ødegaard,1833529,1860038,Nei,Ja,Nei,Ja,Avvik i selvangivelse
23128832130,Løken,1836812,939466,Ja,Ja,Nei,Nei,Avvik i selvangivelse
12014242641,Sørlie,782767,3861491,Nei,Nei,Nei,Nei,Avvik i selvangivelse
16046702658,Haga,1274948,2085257,Ja,Nei,Nei,Nei,Tips
11015302781,Edvardsen,646467,912980,Nei,Ja,Nei,Nei,Tips
03067448447,Rønning,890966,3949247,Ja,Nei,Nei,Ja,Stikkprøve
08100382521,Arnesen,1401936,5569282,Nei,Nei,Nei,Nei,Stikkprøve
22114126636,Antonsen,1122038,5179343,Nei,Nei,Nei,Nei,Revisjon
24010285867,Næss,434521,3072664,Ja,Ja,Nei,Ja,Stikkprøve
07107249081,Vik,1387279,771486,Nei,Ja,Nei,Nei,Avvik i selvangivelse
19027518233,Haug,1109705,5466340,Ja,Ja,Nei,Nei,Tips
24127117671,Ellingsen,1517014,1824674,Nei,Ja,Ja,Nei,Stikkprøve
02118029642,Thorsen,1165672,5548684,Ja,Ja,Nei,Nei,Stikkprøve
21103213409,Edvardsen,1124174,3442116,Nei,Nei,Nei,Ja,Tips
12020346580,Birkeland,1035704,1943179,Nei,Ja,Nei,Nei,Stikkprøve
06112520382,Isaksen,1619887,1582695,Ja,Ja,Nei,Nei,Revisjon
03044024623,Gulbrandsen,1215352,5817497,Nei,Ja,Ja,Nei,Tips
24040508844,Ruud,1769536,972160,Nei,Nei,Nei,Nei,Tips
29054434020,Aasen,1812923,1744471,Nei,Ja,Nei,Nei,Tips
25109332596,Strøm,1033291,4645822,Ja,Nei,Nei,Nei,Avvik i selvangivelse
12022939031,Myklebust,600281,2362345,Nei,Ja,Nei,Nei,Tips
13129820629,Tangen,1917890,617152,Ja,Nei,Ja,Ja,Avvik i selvangivelse
02129207313,Ødegård,1620789,1680848,Nei,Ja,Nei,Nei,Tips
17097249539,Eliassen,1364317,1057920,Ja,Nei,Nei,Nei,Avvik i selvangivelse
02089822974,Helland,1127552,2448196,Nei,Nei,Nei,Nei,Tips
27016047266,Bøe,1558223,4568984,Ja,Nei,Nei,Nei,Stikkprøve
27127608666,Jenssen,1965672,4123484,Ja,Ja,Nei,Ja,Tips
31125217195,Aune,942418,3169262,Nei,Ja,Ja,Nei,Tips
18045219816,Mikkelsen,1407012,2246483,Ja,Ja,Ja,Nei,Stikkprøve
22057803324,Tveit,1110867,1713656,Nei,Ja,Nei,Nei,Stikkprøve
07023918255,Brekke,1740294,2493951,Nei,Nei,Nei,Nei,Revisjon
20076129763,Abrahamsen,1675865,1270710,Nei,Ja,Nei,Ja,Tips
29109307279,Madsen,1739392,1127797,Ja,Ja,Nei,Nei,Revisjon
08117706916,Engen,1474249,1012150,Nei,Nei,Nei,Nei,Tips
29090084613,Christiansen,946182,3799882,Nei,Nei,Nei,Nei,Avvik i selvangivelse
03031825813,Sunde,1348080,2080000,Nei,Nei,Nei,Nei,Revisjon
13092249128,Bjerke,1034688,1967885,Nei,Ja,Nei,Nei,Tips
04025103489,Mortensen,495485,2130820,Nei,Nei,Nei,Nei,Tips
03104016498,Torgersen,1958555,3463492,Nei,Nei,Nei,Nei,Avvik i selvangivelse
08067634137,Thoresen,1433908,4889145,Nei,Nei,Nei,Nei,Avvik i selvangivelse
17096319290,Hermansen,414460,1380068,Nei,Nei,Nei,Nei,Revisjon
15128343757,Hansen,713355,1912483,Nei,Ja,Nei,Ja,Tips
10078920020,Johansen,1329991,2466302,Ja,Nei,Nei,Nei,Stikkprøve
04013006135,Olsen,1817433,3849303,Nei,Ja,Nei,Nei,Tips
15062446010,Larsen,1985547,2705032,Nei,Nei,Nei,Nei,Avvik i selvangivelse
07047411356,Andersen,1445822,2936098,Ja,Ja,Nei,Nei,Avvik i selvangivelse
27120609462,Pedersen,1894788,2434888,Nei,Ja,Nei,Nei,Avvik i selvangivelse
27026218174,Nilsen,848180,5729195,Nei,Nei,Nei,Ja,Stikkprøve
30087148994,Kristiansen,1748996,670133,Ja,Ja,Ja,Nei,Revisjon
29064526322,Jensen,949580,3297024,Ja,Nei,Nei,Nei,Revisjon
16049144931,Karlsen,486872,2478610,Nei,Nei,Nei,Nei,Revisjon
19110189659,Johnsen,1610749,1477712,Ja,Ja,Ja,Nei,Stikkprøve
10020823343,Pettersen,752598,4958033,Nei,Ja,Ja,Nei,Stikkprøve
28073019879,Eriksen,376291,2971285,Nei,Nei,Nei,Ja,Avvik i selvangivelse
19038130199,Berg,1982742,5620668,Ja,Ja,Nei,Nei,Stikkprøve
13054823090,Haugen,973653,918486,Nei,Ja,Nei,Nei,Tips
06043838391,Hagen,1289136,2803451,Nei,Nei,Nei,Ja,Stikkprøve
21059807878,Johannessen,886729,3834040,Nei,Nei,Nei,Nei,Tips
12109402530,Andreassen,1138926,918396,Nei,Nei,Nei,Nei,Avvik i selvangivelse
04124847821,Jacobsen,815752,4576634,Ja,Nei,Nei,Nei,Revisjon
25108117306,Dahl,1884393,2616002,Nei,Ja,Nei,Nei,Revisjon
09061324000,Jørgensen,594049,2894826,Nei,Nei,Nei,Nei,Revisjon
20038142454,Henriksen,818895,3457547,Nei,Ja,Nei,Ja,Revisjon
14019806627,Lund,846989,2603183,Ja,Nei,Nei,Ja,Tips
04110541681,Halvorsen,1497627,4423756,Nei,Ja,Nei,Nei,Avvik i selvangivelse
03052049821,Sørensen,1094593,1840059,Nei,Ja,Nei,Nei,Tips
24084048530,Jakobsen,933485,2232502,Ja,Nei,Nei,Nei,Revisjon
14106102814,Moen,1524724,2464268,Nei,Nei,Nei,Nei,Avvik i selvangivelse
11091408157,Gundersen,363045,3070349,Nei,Ja,Ja,Ja,Stikkprøve
28066726462,Iversen,595850,3350192,Nei,Nei,Nei,Nei,Avvik i selvangivelse
25071027352,Strand,1705408,3750661,Ja,Ja,Nei,Nei,Avvik i selvangivelse
24040638268,Solberg,1079387,5558269,Ja,Nei,Nei,Nei,Stikkprøve
30056337829,Svendsen,1141728,4950459,Ja,Nei,Nei,Nei,Stikkprøve
12014622266,Eide,550534,1671844,Ja,Ja,Nei,Nei,Tips
26050051934,Knutsen,1625654,3243224,Nei,Ja,Nei,Nei,Tips
17096720742,Martinsen,1555384,993696,Nei,Ja,Nei,Nei,Tips
25066731521,Paulsen,815912,1800526,Ja,Ja,Nei,Nei,Tips
02018948551,Bakken,1018504,2774070,Nei,Ja,Ja,Nei,Tips
24107602999,Kristoffersen,1224436,4296802,Nei,Nei,Nei,Nei,Revisjon
05042235514,Mathisen,765460,578386,Nei,Nei,Nei,Ja,Revisjon
13037723155,Lie,1941396,4637362,Nei,Ja,Nei,Nei,Revisjon
14021146111,Amundsen,511137,5586044,Nei,Ja,Nei,Nei,Stikkprøve
15085344215,Nguyen,1723013,5700441,Ja,Ja,Ja,Nei,Stikkprøve
02034621139,Rasmussen,1598126,4854537,Nei,Nei,Nei,Ja,Avvik i selvangivelse
04102036315,Ali,560946,1022285,Nei,Ja,Nei,Nei,Avvik i selvangivelse
03062533306,Lunde,390113,2004276,Ja,Ja,Nei,Nei,Revisjon
21012538801,Solheim,1736652,2689523,Nei,Nei,Nei,Nei,Avvik i selvangivelse
01055636814,Berge,1769205,4117526,Ja,Nei,Nei,Ja,Avvik i selvangivelse
23124608201,Moe,1831084,5540011,Nei,Ja,Nei,Nei,Avvik i selvangivelse
11017323395,Nygård,869973,1648357,Ja,Nei,Nei,Ja,Tips
17011343376,Bakke,1987476,1851316,Nei,Nei,Nei,Ja,Stikkprøve
14076548278,Kristensen,621468,2768098,Ja,Ja,Nei,Nei,Stikkprøve
21045349257,Fredriksen,1915713,2013518,Nei,Ja,Nei,Nei,Revisjon
06025938974,Jenssen,1331080,4028591,Ja,Nei,Nei,Nei,Stikkprøve
01057303944,Aune,1116375,775992,Nei,Nei,Nei,Ja,Stikkprøve
16071428935,Mikkelsen,376367,830945,Ja,Nei,Nei,Nei,Stikkprøve
28051640413,Tveit,724201,2173869,Nei,Nei,Nei,Nei,Tips
21012646108,Brekke,1443467,5134741,Ja,Nei,Nei,Nei,Tips
01129941258,Abrahamsen,1851860,641668,Nei,Ja,Nei,Ja,Revisjon
11088113782,Madsen,1881530,3482906,Ja,Nei,Nei,Nei,Stikkprøve
04099945198,Engen,1900010,3317883,Ja,Nei,Nei,Nei,Tips
28050313168,Christiansen,1470304,1403651,Nei,Nei,Nei,Nei,Revisjon
12074917192,Sunde,1591570,714555,Nei,Nei,Nei,Ja,Avvik i selvangivelse
26028310098,Bjerke,1874839,3503514,Nei,Ja,Nei,Nei,Stikkprøve
10109130244,Mortensen,1338801,5270535,Nei,Nei,Nei,Nei,Revisjon
06104442879,Torgersen,1385751,1531625,Ja,Ja,Ja,Nei,Stikkprøve
31103923045,Thoresen,1825043,737268,Nei,Ja,Nei,Nei,Revisjon
01077348790,Hermansen,930091,5101042,Nei,Nei,Nei,Nei,Tips
19036439508,Mohamed,1647885,4899360,Ja,Ja,Nei,Nei,Avvik i selvangivelse
24022230308,Mikalsen,1229760,4061140,Ja,Nei,Nei,Nei,Avvik i selvangivelse
13019942052,Hovland,1204060,5785456,Nei,Nei,Nei,Nei,Tips
31077221789,Magnussen,996385,2203636,Nei,Nei,Nei,Nei,Tips
20049944854,Helgesen,1120506,2075284,Ja,Ja,Ja,Nei,Revisjon
26058002649,Gjerde,1070494,960601,Nei,Nei,Nei,Nei,Revisjon
07102401845,Wold,1877854,1990743,Nei,Nei,Nei,Ja,Stikkprøve
11017842198,Nilssen,1256713,2034990,Ja,Ja,Nei,Nei,Stikkprøve
17068311314,Dale,1915931,3259733,Ja,Nei,Nei,Nei,Stikkprøve
29125230901,Bråthen,1785095,4076715,Nei,Ja,Nei,Nei,Stikkprøve
22084205072,Dahle,1224948,2994552,Nei,Ja,Nei,Nei,Revisjon
04056901928,Nygaard,601909,5135617,Ja,Ja,Ja,Ja,Revisjon
21061324655,Eilertsen,1938485,4978763,Ja,Ja,Nei,Ja,Tips
28026346535,Wilhelmsen,1693227,2224734,Nei,Ja,Nei,Nei,Tips
26037927782,Steen,602778,1578965,Nei,Nei,Nei,Ja,Stikkprøve
07070090745,Hassan,740040,4031415,Ja,Ja,Nei,Ja,Tips
20095627294,Foss,1392743,5930098,Nei,Nei,Nei,Nei,Stikkprøve
30046607399,Håland,608949,1427103,Nei,Ja,Nei,Nei,Stikkprøve
20082911015,Jansen,1695444,3600043,Ja,Nei,Nei,Ja,Revisjon
15068316151,Bjørnstad,553842,4358432,Ja,Ja,Nei,Nei,Stikkprøve
21066137098,Tran,1001201,3051144,Nei,Ja,Nei,Nei,Tips
25119221709,Sætre,1871593,5255633,Nei,Nei,Nei,Ja,Revisjon
21032028672,Hammer,1454102,5500094,Ja,Nei,Nei,Ja,Stikkprøve
10122514620,Gabrielsen,1413299,5358010,Ja,Ja,Nei,Nei,Revisjon
31109731105,Gustavsen,831910,4247537,Nei,Ja,Nei,Nei,Tips
16055334483,Ingebrigtsen,1748190,4079778,Nei,Ja,Nei,Nei,Tips
28106831639,Hoel,939239,4328408,Nei,Ja,Nei,Ja,Avvik i selvangivelse
24078845372,Khan,1486174,4897858,Nei,Ja,Nei,Nei,Stikkprøve
18016740787,Solli,1771974,5186063,Ja,Nei,Nei,Nei,Avvik i selvangivelse
17038824953,Bråten,1638735,2008080,Ja,Ja,Nei,Nei,Revisjon
15080187340,Holmen,1617724,3305787,Nei,Ja,Nei,Nei,Avvik i selvangivelse
23071814726,Lorentzen,1843356,929323,Ja,Nei,Nei,Nei,Tips
28096125714,Hoff,701571,1869424,Ja,Nei,Nei,Ja,Stikkprøve
08090483227,Carlsen,924317,4182116,Nei,Ja,Nei,Nei,Stikkprøve
28070404666,Engebretsen,1337798,5207897,Nei,Ja,Nei,Nei,Stikkprøve
03090549900,Samuelsen,1864600,1570825,Ja,Ja,Nei,Ja,Revisjon
17033434316,Sandnes,1670891,1599728,Nei,Nei,Nei,Nei,Avvik i selvangivelse
15088608728,Fossum,937024,570817,Ja,Nei,Nei,Nei,Tips
04080534758,Ludvigsen,1392402,5130189,Nei,Ja,Nei,Nei,Tips
26121306351,Rønningen,1053637,1264452,Ja,Nei,Nei,Nei,Stikkprøve
10088913448,Sveen,770532,3283708,Nei,Ja,Ja,Nei,Stikkprøve
06110166255,Monsen,1479325,4715764,Nei,Ja,Nei,Nei,Tips
07041211940,Breivik,972320,805399,Ja,Nei,Nei,Ja,Avvik i selvangivelse
13123241554,Solbakken,1793761,3146705,Ja,Nei,Nei,Nei,Avvik i selvangivelse
22029640959,Solvang,441746,1522536,Nei,Ja,Nei,Nei,Tips
16062110167,Fjeld,1440267,2532864,Nei,Ja,Nei,Nei,Tips
23059431161,Nordby,1096738,1396092,Nei,Ja,Nei,Nei,Stikkprøve
18049731139,Egeland,1111432,1959101,Nei,Ja,Ja,Nei,Avvik i selvangivelse
01085747157,Sand,1062011,3869618,Nei,Ja,Nei,Nei,Revisjon
26038514899,Aase,626985,1132689,Nei,Ja,Nei,Nei,Revisjon
21084212382,Jonassen,1188046,3079275,Ja,Nei,Nei,Nei,Stikkprøve
19117204688,Bø,1530570,1414058,Nei,Nei,Nei,Nei,Stikkprøve
01100497871,Stokke,1116484,1834877,Nei,Ja,Nei,Nei,Tips
25072921316,Dalen,489142,5560204,Nei,Ja,Nei,Ja,Avvik i selvangivelse
15105723064,Bye,1384551,632852,Nei,Ja,Nei,Nei,Avvik i selvangivelse
04053218887,Johannesen,1887844,5648807,Ja,Nei,Nei,Ja,Stikkprøve
16046511895,Johansson,1492222,1177137,Ja,Ja,Nei,Nei,Avvik i selvangivelse
11098103467,Wiik,1423653,5141046,Nei,Ja,Nei,Nei,Revisjon
03102341162,Andersson,469766,5943225,Ja,Nei,Nei,Nei,Avvik i selvangivelse
14100234956,Syversen,554473,4711997,Nei,Nei,Nei,Ja,Avvik i selvangivelse
07027007605,Wang,1823162,5195068,Nei,Ja,Nei,Ja,Revisjon
11111125505,Ødegaard,586677,2030068,Ja,Nei,Nei,Nei,Avvik i selvangivelse
14076948160,Løken,1772557,2519241,Nei,Ja,Nei,Nei,Avvik i selvangivelse
23116615193,Sørlie,1924278,2060367,Nei,Ja,Nei,Ja,Revisjon
05088238690,Haga,718599,3159751,Ja,Ja,Nei,Nei,Revisjon
02021305602,Gabrielsen,1344660,1076989,Ja,Ja,Nei,Nei,Revisjon
22011231024,Gustavsen,839745,2495042,Nei,Nei,Nei,Nei,Revisjon
22061337885,Ingebrigtsen,1130730,3150989,Nei,Nei,Nei,Ja,Avvik i selvangivelse
05057126940,Hoel,1253816,2176354,Ja,Nei,Nei,Ja,Tips
07042007654,Khan,1525137,3050197,Ja,Ja,Ja,Nei,Revisjon
12062321413,Solli,1623549,3242376,Nei,Nei,Nei,Nei,Avvik i selvangivelse
10024903503,Bråten,593526,4292823,Nei,Ja,Nei,Ja,Stikkprøve
11049941775,Holmen,464948,3423170,Ja,Ja,Nei,Ja,Avvik i selvangivelse
16100300935,Lorentzen,1209812,5130632,Ja,Ja,Ja,Nei,Revisjon
04073747703,Hoff,1063297,4232364,Ja,Ja,Nei,Nei,Tips
27099219225,Carlsen,1429238,1900197,Nei,Nei,Nei,Ja,Avvik i selvangivelse
28088741295,Engebretsen,389195,1009588,Ja,Ja,Ja,Ja,Avvik i selvangivelse
27113711154,Samuelsen,1020970,640851,Ja,Ja,Nei,Ja,Avvik i selvangivelse
12040095576,Sandnes,1966137,3854015,Nei,Ja,Ja,Ja,Avvik i selvangivelse
01085433543,Fossum,1749538,4445665,Nei,Ja,Nei,Nei,Avvik i selvangivelse
26049800613,Ludvigsen,354631,1745830,Ja,Nei,Nei,Nei,Avvik i selvangivelse
16090610418,Rønningen,538259,1519567,Ja,Ja,Nei,Nei,Avvik i selvangivelse
07031322213,Sveen,524173,5582205,Nei,Ja,Nei,Ja,Tips
07088714363,Monsen,819976,4704540,Nei,Ja,Nei,Nei,Stikkprøve
20112742620,Breivik,1184670,2485268,Ja,Ja,Nei,Nei,Revisjon
01107817316,Solbakken,1250992,4398512,Nei,Ja,Nei,Nei,Revisjon
29091542917,Solvang,1038853,3629246,Nei,Nei,Nei,Ja,Tips
21046229743,Fjeld,958789,1096148,Nei,Ja,Nei,Nei,Tips
03026632152,Nordby,1768104,3761969,Ja,Nei,Nei,Nei,Revisjon
20092835546,Egeland,1122780,2768375,Ja,Ja,Nei,Nei,Revisjon
24018602888,Sand,1715282,610732,Nei,Nei,Nei,Nei,Avvik i selvangivelse
06107909956,Aase,1468592,4895728,Nei,Ja,Nei,Nei,Avvik i selvangivelse
18080408869,Jonassen,958292,1797004,Nei,Nei,Nei,Nei,Revisjon
14027712852,Bø,483779,3588816,Ja,Nei,Nei,Nei,Tips
23092537935,Stokke,1490570,2701056,Ja,Ja,Nei,Nei,Stikkprøve
12016507758,Dalen,843424,4002996,Ja,Ja,Nei,Nei,Tips
20027742875,Bye,813311,5621680,Nei,Nei,Nei,Nei,Tips
23033623283,Johannesen,1136047,1912581,Nei,Ja,Nei,Nei,Avvik i selvangivelse
26104611647,Johansson,1453352,1171926,Nei,Ja,Nei,Ja,Revisjon
05060362752,Wiik,1409992,5822923,Nei,Nei,Nei,Nei,Avvik i selvangivelse
21010702795,Andersson,1181973,3320871,Nei,Ja,Ja,Nei,Tips
26041704003,Syversen,1870301,4808228,Ja,Nei,Nei,Nei,Stikkprøve
13123013454,Wang,386314,1448409,Nei,Nei,Nei,Nei,Avvik i selvangivelse
04031102672,Ødegaard,1956726,1695414,Ja,Nei,Nei,Nei,Tips
14074324909,Løken,662158,3737436,Nei,Ja,Nei,Nei,Revisjon
30121422251,Sørlie,1518203,4668062,Ja,Nei,Nei,Nei,Stikkprøve
04081941322,Haga,1039312,618201,Nei,Ja,Nei,Nei,Tips
24109729031,Edvardsen,368467,2395982,Nei,Nei,Nei,Nei,Avvik i selvangivelse
29105239678,Rønning,1025166,1735334,Nei,Ja,Nei,Nei,Stikkprøve
07106048813,Arnesen,983189,2888471,Nei,Ja,Nei,Nei,Revisjon
28069033689,Antonsen,398764,1811875,Ja,Ja,Nei,Ja,Tips
25093613824,Næss,1578756,961806,Nei,Nei,Nei,Ja,Revisjon
01071536609,Vik,1566224,5411160,Ja,Ja,Nei,Nei,Stikkprøve
20066404804,Haug,926538,5677281,Nei,Nei,Nei,Nei,Avvik i selvangivelse
15103515448,Ellingsen,1517400,3670005,Ja,Nei,Nei,Nei,Avvik i selvangivelse
16029631674,Thorsen,1476472,855276,Ja,Nei,Nei,Nei,Avvik i selvangivelse
13084828976,Magnussen,902416,4358775,Nei,Ja,Nei,Nei,Stikkprøve
21071846676,Helgesen,967595,4848121,Nei,Ja,Nei,Ja,Stikkprøve
18058307404,Gjerde,1009007,4830031,Ja,Ja,Nei,Nei,Tips
20053140573,Wold,1183096,5853039,Nei,Ja,Nei,Nei,Revisjon
15124418582,Nilssen,370093,5387825,Ja,Nei,Nei,Ja,Revisjon
25055123708,Dale,448397,4560436,Nei,Ja,Ja,Nei,Stikkprøve
10094438786,Bråthen,1462706,4576711,Nei,Nei,Nei,Nei,Avvik i selvangivelse
27067113174,Dahle,1582244,5755191,Ja,Ja,Nei,Ja,Avvik i selvangivelse
22121512983,Nygaard,1832585,2625754,Nei,Ja,Nei,Nei,Avvik i selvangivelse
09108808087,Eilertsen,1600221,536444,Nei,Ja,Nei,Nei,Avvik i selvangivelse
28038008821,Wilhelmsen,476334,1831101,Nei,Ja,Nei,Nei,Stikkprøve
28025148071,Steen,696236,2495987,Ja,Nei,Nei,Nei,Stikkprøve
10076414896,Hassan,425529,3296565,Nei,Nei,Nei,Nei,Avvik i selvangivelse
29113511514,Foss,848677,2498712,Ja,Nei,Nei,Nei,Revisjon
10103316486,Håland,1543686,2951329,Nei,Nei,Nei,Nei,Tips
02020097283,Jansen,601204,5751029,Nei,Ja,Nei,Ja,Stikkprøve
22127633782,Bjørnstad,1747309,1626613,Ja,Nei,Nei,Ja,Revisjon
27040218942,Tran,975509,1713502,Ja,Ja,Nei,Ja,Tips
27066722835,Sætre,609775,861573,Nei,Ja,Nei,Nei,Tips
21013112727,Hammer,521221,5940890,Nei,Nei,Nei,Nei,Revisjon
13041539059,Gabrielsen,1253334,3429748,Ja,Ja,Nei,Nei,Stikkprøve
22045706242,Gustavsen,1305046,4571283,Ja,Ja,Nei,Ja,Avvik i selvangivelse
14088412282,Ingebrigtsen,922633,697188,Nei,Nei,Nei,Nei,Tips
20080200790,Hoel,1296767,5932671,Ja,Nei,Nei,Nei,Tips
18057135502,Khan,1204266,990809,Nei,Ja,Nei,Nei,Stikkprøve
31077515871,Solli,1347787,1614972,Nei,Nei,Nei,Nei,Tips
03108916116,Bråten,1090075,4554290,Ja,Nei,Nei,Nei,Revisjon
27010188143,Holmen,1849105,4570717,Ja,Ja,Ja,Ja,Tips
30069731410,Lorentzen,1022417,3136223,Nei,Nei,Nei,Nei,Stikkprøve
22053438818,Hoff,1946580,1216255,Nei,Ja,Nei,Ja,Avvik i selvangivelse
22056337907,Carlsen,1968628,5114769,Ja,Ja,Nei,Ja,Revisjon
27038746869,Engebretsen,1399624,1075049,Nei,Ja,Nei,Nei,Revisjon
27097103424,Samuelsen,1676300,1541603,Ja,Ja,Nei,Nei,Avvik i selvangivelse
10047432435,Sandnes,692113,5930546,Ja,Ja,Nei,Ja,Stikkprøve
15078843915,Fossum,1166612,1434101,Nei,Ja,Nei,Ja,Stikkprøve
22048821700,Ludvigsen,636676,3853057,Nei,Nei,Nei,Nei,Stikkprøve
19090923326,Rønningen,1241962,5181795,Nei,Ja,Nei,Nei,Avvik i selvangivelse
20040321560,Sveen,481565,1964422,Nei,Ja,Nei,Ja,Revisjon
11013749223,Monsen,1060079,2613390,Nei,Nei,Nei,Nei,Avvik i selvangivelse
19062528497,Breivik,1905759,3693208,Nei,Ja,Nei,Nei,Tips
07086513824,Solbakken,1463748,2379245,Nei,Ja,Nei,Nei,Tips
06062611993,Solvang,946675,3741735,Nei,Nei,Nei,Nei,Revisjon
16033330425,Fjeld,1763428,2396625,Nei,Ja,Ja,Ja,Tips
13012133000,Nordby,1109793,4388700,Ja,Nei,Nei,Nei,Revisjon
26019823201,Egeland,747060,2906307,Nei,Ja,Nei,Nei,Avvik i selvangivelse
22119432913,Sand,862661,5939389,Ja,Ja,Nei,Nei,Avvik i selvangivelse
05030476516,Aase,1107074,4628752,Nei,Nei,Nei,Nei,Tips
02097214002,Jonassen,1170903,3639921,Nei,Ja,Nei,Nei,Avvik i selvangivelse
21124118201,Bø,909601,2736503,Nei,Nei,Nei,Ja,Stikkprøve
01014931801,Stokke,1920731,689560,Nei,Ja,Nei,Ja,Revisjon
26073707691,Dalen,1084281,2889372,Nei,Ja,Nei,Ja,Tips
29033447122,Bye,1121392,4900843,Nei,Ja,Ja,Nei,Revisjon
06092547106,Johannesen,1411937,1199676,Nei,Nei,Nei,Ja,Revisjon
02098915012,Johansson,1280072,2369778,Nei,Nei,Nei,Nei,Avvik i selvangivelse
12053012653,Wiik,1507941,1374877,Ja,Nei,Nei,Nei,Avvik i selvangivelse
02020747539,Andersson,431545,795588,Nei,Nei,Nei,Nei,Tips
